,maintanance_category_id,maintanance_name
0,eto,ЕТО
1,to500,ТО-500
2,to1000,ТО-1000
3,to2000,ТО-2000
4,to4000,ТО-4000
5,to6000,ТО-6000
6,to12000,ТО-12000
7,to_suppl_systems,ТО доп систем
8,tr,ТР
9,tr_suppl_systems,Трдоп.сист.
10,tr_middle,Трсред
11,overhaul_total,КР
